R,T_window,V,err,chi2,dof,chi2_dof
1,"2,3,4,5",0.20502110915317098,0.00021310256868851225,4.673562794688381,3,1.557854264896127
2,"2,3,4,5",0.34524933590744533,0.0004973023668161617,6.0093188195138305,3,2.003106273171277
3,"2,3,4",0.462716028879802,0.001164053496162617,2.4365293071622554,2,1.2182646535811277
4,"2,3",0.5707563004796845,0.0028510725302809555,0.00019105870856805574,1,0.00019105870856805574
5,"2,3",0.6749015611726662,0.0043325555703490485,0.03175436464859947,1,0.03175436464859947
