R,T_window,V,err,chi2,dof,chi2_dof
1,"3,4,5",0.14512090790519222,8.460245687767546e-05,0.4379934887157442,2,0.2189967443578721
2,"3,4,5",0.23535422569769857,0.00022685607569740434,0.027615050033210853,2,0.013807525016605426
3,"3,4,5",0.30593445330208,0.0005651533464258377,0.1386918349860434,2,0.0693459174930217
4,"3,4,5",0.3692342236289981,0.000937443152098506,0.4183847777602666,2,0.2091923888801333
5,"3,4,5",0.4267793756745481,0.001359900150215232,0.15976684162399307,2,0.07988342081199654
