R,T_window,V,err,chi2,dof,chi2_dof
1,"3,4,5",0.16104782213347663,0.0001183486810040467,0.10987064486431508,2,0.05493532243215754
2,"3,4,5",0.26386589967012886,0.00026070336334025354,0.5108240989769341,2,0.2554120494884671
3,"3,4,5",0.34601618747339336,0.0005842017993788566,0.06724316486644041,2,0.03362158243322021
4,"3,4,5",0.4176743222315274,0.000917177953752164,0.028706526493014986,2,0.014353263246507493
5,"3,4,5",0.4853355498123692,0.0013679160337940475,0.40731353090286515,2,0.20365676545143258
