R,T_window,V,err,chi2,dof,chi2_dof
1,"2,3,4",0.23787729617898254,0.0004590282625581564,0.8691388469416084,2,0.4345694234708042
2,"3,4",0.40556019000235755,0.0024043752367728798,1.0270872358477787,1,1.0270872358477787
3,"2,3,4",0.559375556272662,0.0031703221282166996,0.08165074241436858,2,0.04082537120718429
4,"2,3,4",0.6984511102746432,0.0052830553360420215,0.03086623771813814,2,0.01543311885906907
5,"2,3,4",0.8357587353481131,0.008557055228064858,0.09534824377597806,2,0.04767412188798903
