R,T_window,V,err,chi2,dof,chi2_dof
1,"2,3,4,5",0.18027061275405828,0.00017493445663048762,0.9034377351304242,3,0.30114591171014143
2,"2,3,4,5",0.2998485783399322,0.0004812363657341127,1.181484031272746,3,0.39382801042424864
3,"2,3,4",0.39717907467396796,0.0010450478946224195,1.115429082168852,2,0.557714541084426
4,"2,3,4",0.4854317026929571,0.0016878543423962235,0.8010024033915111,2,0.40050120169575554
5,"2,3",0.5697929802839691,0.0027513573454092284,0.3598989868123965,1,0.3598989868123965
