R,T_window,V,err,chi2,dof,chi2_dof
1,"2,3,4,5",0.16097166458991805,0.0001315940415043251,1.6018406764208277,3,0.5339468921402759
2,"2,3,4,5",0.26360737685610147,0.0003479462165910724,0.745999933376027,3,0.24866664445867567
3,"2,3,4,5",0.34572544356013485,0.0007800921558151992,0.3267403639712775,3,0.1089134546570925
4,"3,4,5",0.41864621896389426,0.0021004480285336216,0.084366346528547,2,0.0421831732642735
5,"3,4,5",0.4865692125525203,0.0031686231457383404,0.017566773965822808,2,0.008783386982911404
