R,T_window,V,err,chi2,dof,chi2_dof
1,"2,3,4,5",0.2048258576144086,0.00029570738158004646,0.39027623986779303,3,0.130092079955931
2,"2,3,4,5",0.34491671676337066,0.0007390186540282351,1.9772715663559142,3,0.6590905221186381
3,"2,3,4,5",0.4620727325752832,0.001477875721734381,0.10330107737434883,3,0.034433692458116276
4,"3,4,5",0.5644227858223135,0.0032250792529907916,0.19986801435515675,2,0.09993400717757837
5,"3,4",0.6626329079617195,0.0063784177289115335,0.044540768861142596,1,0.044540768861142596
