R,T_window,V,err,chi2,dof,chi2_dof
1,"2,3,4,5",0.20515936690971945,0.00024312595170358488,0.1449208414169948,3,0.04830694713899827
2,"2,3,4,5",0.3462053784889061,0.0006701313362674165,0.21842118679213604,3,0.07280706226404535
3,"2,3,4,5",0.46304733670374704,0.0011195372125382028,0.13227611733633582,3,0.04409203911211194
4,"2,3,4",0.5711742425433606,0.0022437950400168013,0.2546904045720384,2,0.1273452022860192
5,"2,3",0.6760732937785914,0.004479307633002319,0.0016165495719913819,1,0.0016165495719913819
