R,T_window,V,err,chi2,dof,chi2_dof
1,"2,3,4,5",0.18016905931067453,0.00018445693594784006,1.088856586520847,3,0.362952195506949
2,"2,3,4",0.29970753611096757,0.0005636500431400035,0.2387625193989815,2,0.11938125969949075
3,"2,3,4",0.39704442333828976,0.0009082265012909603,0.161710842445146,2,0.080855421222573
4,"2,3,4",0.48509058816205575,0.00161170396559477,0.09216262675812034,2,0.04608131337906017
5,"2,3",0.5694413149584043,0.0026431774982342633,0.0033176812447044037,1,0.0033176812447044037
